{
	"format_version": "1.8.0",
	"animations": {
		"default_sleeping": {
			"loop": true,
			"animation_length": 1.5,
			"bones": {
				"torso": {
					"rotation": {
						"0.0": {
							"vector": [7.50706, 2.4786, 0.32652]
						},
						"0.5": {
							"vector": [7.50706, -2.4786, -0.32652],
							"easing": "easeInOutSine"
						},
						"1.5": {
							"vector": [7.50706, 2.4786, 0.32652],
							"easing": "easeInOutSine"
						}
					},
					"position": {
						"0.0": {
							"vector": [0, -1, 1]
						},
						"1.0": {
							"vector": [0, -0.5, 1],
							"easing": "easeInOutSine"
						},
						"1.5": {
							"vector": [0, -1, 1],
							"easing": "easeInOutSine"
						}
					}
				},
				"right_arm": {
					"rotation": {
						"0.0": {
							"vector": [-55.63329, -132.12779, 68.71136]
						},
						"0.8": {
							"vector": [-59.42744, -136.09733, 65.44023]
						},
						"1.5": {
							"vector": [-55.63329, -132.12779, 68.71136]
						}
					}
				},
				"left_arm": {
					"rotation": {
						"0.0": {
							"vector": [-57.485, 129.61203, -70.71543]
						},
						"0.8": {
							"vector": [-62.91897, 127.82269, -80.1245]
						},
						"1.5": {
							"vector": [-57.485, 129.61203, -70.71543]
						}
					}
				},
				"head": {
					"rotation": {
						"0.0": {
							"vector": [67.5, 0, 0]
						},
						"1.5": {
							"vector": [67.5, 0, 0],
							"easing": "easeInOutSine"
						}
					}
				}
			}
		},
		"sleeping_1": {
			"loop": true,
			"animation_length": 5.5,
			"bones": {
				"torso": {
					"rotation": {
						"0.0": {
							"vector": [7.50706, 2.4786, 0.32652]
						},
						"1.5": {
							"vector": [10.00706, 2.4786, 0.32652]
						},
						"3.0": {
							"vector": [-37.49294, -2.4786, -0.32652],
							"easing": "easeInSine"
						},
						"3.5": {
							"vector": [-42.49294, -2.4786, -0.32652],
							"easing": "easeOutSine"
						},
						"5.5": {
							"vector": [7.50706, 2.4786, 0.32652],
							"easing": "easeInOutSine"
						}
					},
					"position": {
						"0.0": {
							"vector": [0, -1, 1]
						},
						"1.5": {
							"vector": [0, -1.5, 1]
						},
						"3.0": {
							"vector": [0, -0.67, -1],
							"easing": "easeInOutSine"
						},
						"3.5": {
							"vector": [0, -0.67, -1]
						},
						"5.5": {
							"vector": [0, -1, 1],
							"easing": "easeInOutSine"
						}
					}
				},
				"right_arm": {
					"rotation": {
						"0.0": {
							"vector": [-57.36009, -139.42434, 55.2966]
						},
						"1.5": {
							"vector": [-24.38179, -132.64292, 48.03994],
							"easing": "easeInSine"
						},
						"3.0": {
							"vector": [57.16501, -73.90857, 83.76136],
							"easing": "easeInOutSine"
						},
						"3.5": {
							"vector": [54.99742, -96.94475, 121.08748],
							"easing": "easeInOutSine"
						},
						"5.5": {
							"vector": [-57.36009, -139.42434, 55.2966]
						}
					}
				},
				"left_arm": {
					"rotation": {
						"0.0": {
							"vector": [-52.43575, 135.36285, -56.21504]
						},
						"1.5": {
							"vector": [-18.56481, 130.09777, -45.09441],
							"easing": "easeInSine"
						},
						"3.0": {
							"vector": [69.79056, 68.18735, -107.04679],
							"easing": "easeInOutSine"
						},
						"3.5": {
							"vector": [51.11876, 89.43469, -131.38124],
							"easing": "easeInOutSine"
						},
						"5.5": {
							"vector": [-52.43575, 135.36285, -56.21504]
						}
					}
				},
				"head": {
					"rotation": {
						"0.0": {
							"vector": [67.5, 0, 0]
						},
						"1.5": {
							"vector": [67.5, 0, 0]
						},
						"3.0": {
							"vector": [-45, 0, 0],
							"easing": "easeInOutSine"
						},
						"3.5": {
							"vector": [-45, 0, 0]
						},
						"5.5": {
							"vector": [67.5, 0, 0],
							"easing": "easeInOutSine"
						}
					}
				},
				"left_leg": {
					"rotation": {
						"0.0": {
							"vector": [0, 0, 0]
						},
						"1.5": {
							"vector": [0, 0, 0]
						},
						"3.0": {
							"vector": [22.5, 0, 0],
							"easing": "easeInOutSine"
						},
						"3.5": {
							"vector": [22.5, 0, 0]
						},
						"5.5": {
							"vector": [0, 0, 0]
						}
					}
				},
				"right_leg": {
					"rotation": {
						"0.0": {
							"vector": [0, 0, 0]
						},
						"1.5": {
							"vector": [0, 0, 0]
						},
						"3.0": {
							"vector": [-10, 0, 0],
							"easing": "easeInOutSine"
						},
						"3.5": {
							"vector": [-10, 0, 0]
						},
						"5.5": {
							"vector": [0, 0, 0]
						}
					}
				}
			}
		},
		"sleeping_2": {
			"loop": true,
			"animation_length": 5.5,
			"bones": {
				"torso": {
					"rotation": {
						"0.0": {
							"vector": [7.50706, 2.4786, 0.32652]
						},
						"1.5": {
							"vector": [10.00706, 2.4786, 0.32652]
						},
						"2.0": {
							"vector": [-37.49294, -2.4786, -0.32652],
							"easing": "easeInSine"
						},
						"2.5": {
							"vector": [-42.49294, -2.4786, -0.32652],
							"easing": "easeOutSine"
						},
						"3.5": {
							"vector": [-42.49294, -2.4786, -0.32652],
							"easing": "easeInOutSine"
						},
						"3.75": {
							"vector": [49.41008, -2.28993, -0.30166]
						},
						"5.5": {
							"vector": [7.50706, 2.4786, 0.32652],
							"easing": "easeInOutSine"
						}
					},
					"position": {
						"0.0": {
							"vector": [0, -1, 1]
						},
						"1.5": {
							"vector": [0, -1.5, 1]
						},
						"2.0": {
							"vector": [0, -0.67, -1],
							"easing": "easeInOutSine"
						},
						"2.5": {
							"vector": [0, -0.67, -1]
						},
						"3.5": {
							"vector": [0, -0.67, -1]
						},
						"5.5": {
							"vector": [0, -1, 1],
							"easing": "easeInOutSine"
						}
					}
				},
				"right_arm": {
					"rotation": {
						"0.0": {
							"vector": [-52.5907, -143.33005, 46.21101]
						},
						"1.5": {
							"vector": [-35.52446, -139.62359, 68.43764]
						},
						"2.0": {
							"vector": [9.57539, -76.26663, 112.04586],
							"easing": "easeInOutSine"
						},
						"2.5": {
							"vector": [34.57539, -76.26663, 112.04586],
							"easing": "easeInOutSine"
						},
						"3.75": {
							"vector": [34.23144, -42.79111, 54.46779],
							"easing": "easeInBack"
						},
						"5.5": {
							"vector": [-52.5907, -143.33005, 46.21101]
						}
					}
				},
				"left_arm": {
					"rotation": {
						"0.0": {
							"vector": [-49.51745, 140.9815, -46.87333]
						},
						"1.5": {
							"vector": [-44.06017, 151.44893, -91.64182]
						},
						"2.0": {
							"vector": [16.2795, 108.67734, -111.06294],
							"easing": "easeInOutSine"
						},
						"2.5": {
							"vector": [46.63766, 115.90825, -119.98165],
							"easing": "easeInOutSine"
						},
						"3.75": {
							"vector": [31.37532, 40.20702, -54.83342]
						},
						"5.5": {
							"vector": [-49.51745, 140.9815, -46.87333]
						}
					}
				},
				"head": {
					"rotation": {
						"0.0": {
							"vector": [67.5, 0, 0]
						},
						"1.5": {
							"vector": [67.5, 0, 0]
						},
						"2.0": {
							"vector": [-45, 0, 0],
							"easing": "easeInOutSine"
						},
						"2.5": {
							"vector": [-45, 0, 0]
						},
						"5.5": {
							"vector": [67.5, 0, 0],
							"easing": "easeInOutSine"
						}
					}
				},
				"left_leg": {
					"rotation": {
						"0.0": {
							"vector": [0, 0, 0]
						},
						"1.5": {
							"vector": [0, 0, 0]
						},
						"2.0": {
							"vector": [22.5, 0, 0],
							"easing": "easeInOutSine"
						},
						"2.5": {
							"vector": [22.5, 0, 0]
						},
						"5.5": {
							"vector": [0, 0, 0]
						}
					}
				},
				"right_leg": {
					"rotation": {
						"0.0": {
							"vector": [0, 0, 0]
						},
						"1.5": {
							"vector": [0, 0, 0]
						},
						"2.0": {
							"vector": [-10, 0, 0],
							"easing": "easeInOutSine"
						},
						"2.5": {
							"vector": [-10, 0, 0]
						},
						"5.5": {
							"vector": [0, 0, 0]
						}
					}
				}
			}
		},
		"run": {
			"loop": true,
			"animation_length": 2,